"","dataname","Name","Competition","Round","Distance","InHandx","InHandy","OutHand1x","OutHand1y","OutHand2x","OutHand2y","OutHand3x","OutHand3y","Angle1","Angle2","Angle3","AngleAvg","HVel1","VVel1","HVel2","VVel2","HVel3","VVel3","HVelAvg","VVelAvg","RVel1","RVel2","RVel3","RVelAvg","RVelfromAvg","DUTurn1","DUTurn2","DUTurn3","DUTurn4","Turn1Single","Turn1Double","Turn2Single","Turn2Double","Turn3Single","Turn3Double","Turn4Single","Turn4Double","Turn1","Turn2","Turn3","Turn4","TotalTime","Turn1SinglePC","Turn1DoublePC","Turn2SinglePC","Turn2DoublePC","Turn3SinglePC","Turn3DoublePC","Turn4SinglePC","Turn4DoublePC","Turn1PC","Turn2PC","Turn3PC","Turn4PC"
"1","Alex Hulley_CanberraTrackClassic2019v2","Alex Hulley","CanberraTrackClassic2019v2",1,"X",1199,922,1278,990,1356,1057,NA,NA,40.72,40.66,NA,40.69,19.87,NA,19.61,NA,NA,NA,19.74,NA,26.22,25.85,NA,26.04,26.03,0.32,0.22,0.18,0.25,0.28,0.38,0.24,0.26,0.22,0.24,0.24,0.25,0.66,0.5,0.46,0.49,2.11,13,18,11,12,10,11,11,12,31,24,22,23
"2","Alex Hulley_CanberraTrackClassic2019v2","Alex Hulley","CanberraTrackClassic2019v2",2,"65.94",1028,973,1112,1049,NA,NA,NA,NA,42.14,NA,NA,42.14,21.12,NA,NA,NA,NA,NA,21.12,NA,28.48,NA,NA,28.48,28.48,0.32,0.24,0.16,0.23,0.28,0.36,0.22,0.29,0.25,0.21,0.28,0.23,0.64,0.51,0.46,0.51,2.12,13,17,10,14,12,10,13,11,30,24,22,24
"3","Alex Hulley_CanberraTrackClassic2019v2","Alex Hulley","CanberraTrackClassic2019v2",3,"65.93",1094,909,1177,985,1257,1059,NA,NA,42.48,42.77,NA,42.62,20.87,NA,20.12,NA,NA,NA,20.5,NA,28.3,27.41,NA,27.86,27.86,0.28,0.22,0.14,0.21,0.32,0.33,0.23,0.26,0.28,0.19,0.29,0.21,0.65,0.49,0.47,0.5,2.11,15,16,11,12,13,9,14,10,31,23,22,24
"4","Alex Hulley_CanberraTrackClassic2019v2","Alex Hulley","CanberraTrackClassic2019v2",4,"67.79",1147,904,1232,978,1318,1054,NA,NA,41.04,41.47,NA,41.25,21.38,NA,21.63,NA,NA,NA,21.5,NA,28.35,28.87,NA,28.61,28.6,0.3,0.21,0.18,0.26,0.32,0.34,0.24,0.24,0.24,0.21,0.27,0.26,0.66,0.48,0.45,0.53,2.12,15,16,11,11,11,10,13,12,31,23,21,25
"5","Alex Hulley_CanberraTrackClassic2019v2","Alex Hulley","CanberraTrackClassic2019v2",5,"65.16",961,925,1052,1003,NA,NA,NA,NA,40.6,NA,NA,40.6,22.88,NA,NA,NA,NA,NA,22.88,NA,30.13,NA,NA,30.13,30.13,0.3,0.23,0.17,0.21,0.28,0.34,0.23,0.25,0.25,0.21,0.32,0.21,0.62,0.48,0.46,0.53,2.09,13,16,11,12,12,10,15,10,30,23,22,25
"6","Alex Hulley_CanberraTrackClassic2019v2","Alex Hulley","CanberraTrackClassic2019v2",6,"X",1207,955,1279,1023,NA,NA,NA,NA,43.36,NA,NA,43.36,18.11,NA,NA,NA,NA,NA,18.11,NA,24.91,NA,NA,24.91,24.91,0.3,0.24,0.2,0.24,0.32,0.35,0.23,0.27,0.25,0.22,0.28,0.24,0.67,0.5,0.47,0.52,2.16,15,16,11,12,12,10,13,11,31,23,22,24
"7","Alex Hulley_MelbourneTrackClassic2020v2","Alex Hulley","MelbourneTrackClassic2020v2",1,"65.58",904,605,954,656,1008,712,1059,763,45.57,46.04,45,45.54,17.29,NA,18.67,NA,17.63,NA,17.86,NA,24.7,26.9,24.93,25.51,25.5,0.3,0.23,0.2,0.25,0.29,0.36,0.23,0.28,0.25,0.23,0.26,0.25,0.65,0.51,0.48,0.51,2.15,13,17,11,13,12,11,12,12,30,24,22,24
"8","Alex Hulley_MelbourneTrackClassic2020v2","Alex Hulley","MelbourneTrackClassic2020v2",2,"X",937,611,999,661,1058,713,1119,762,38.88,41.39,38.77,39.68,21.44,NA,20.4,NA,21.09,NA,20.98,NA,27.54,27.19,27.05,27.26,27.26,0.28,0.23,0.2,0.27,0.26,0.34,0.21,0.28,0.21,0.25,0.25,0.27,0.6,0.49,0.46,0.52,2.07,13,16,10,14,10,12,12,13,29,24,22,25
"9","Alex Hulley_MelbourneTrackClassic2020v2","Alex Hulley","MelbourneTrackClassic2020v2",3,"X",934,645,984,696,1034,746,1082,797,45.57,45,46.74,45.77,17.29,NA,17.29,NA,16.6,NA,17.06,NA,24.7,24.45,24.22,24.46,24.46,0.28,0.22,0.17,0.28,0.28,0.37,0.23,0.25,0.28,0.2,0.25,0.28,0.65,0.48,0.48,0.53,2.14,13,17,11,12,13,9,12,13,30,22,22,25
"10","Alex Hulley_MelbourneTrackClassic2020v2","Alex Hulley","MelbourneTrackClassic2020v2",4,"X",876,621,931,673,985,726,1037,780,43.39,44.46,46.08,44.64,19.02,NA,18.67,NA,17.98,NA,18.56,NA,26.17,26.16,25.92,26.08,26.08,0.28,0.22,0.19,0.24,0.31,0.34,0.22,0.29,0.22,0.24,0.27,0.24,0.65,0.51,0.46,0.51,2.13,15,16,10,14,10,11,13,11,31,24,22,24
"11","Alex Hulley_MelbourneTrackClassic2020v2","Alex Hulley","MelbourneTrackClassic2020v2",5,"63.23",889,608,946,659,1002,712,1056,764,41.82,43.42,43.92,43.05,19.71,NA,19.36,NA,18.67,NA,19.25,NA,26.45,26.65,25.92,26.34,26.34,0.32,0.23,0.16,0.26,0.28,0.4,0.21,0.29,0.25,0.22,0.25,0.26,0.68,0.5,0.47,0.51,2.16,13,19,10,13,12,10,12,12,31,23,22,24
"12","Alex Hulley_MelbourneTrackClassic2020v2","Alex Hulley","MelbourneTrackClassic2020v2",6,"64.24",896,616,951,668,1005,720,1057,772,43.39,43.92,45,44.1,19.02,NA,18.67,NA,17.98,NA,18.56,NA,26.17,25.92,25.43,25.84,25.85,0.28,0.22,0.14,0.24,0.3,0.37,0.23,0.29,0.25,0.21,0.27,0.24,0.67,0.52,0.46,0.51,2.16,14,17,11,13,12,10,12,11,31,24,21,24
"13","Alex Hulley_NationalChampionships2019v2","Alex Hulley","NationalChampionships2019v2",1,"X",830,552,880,600,NA,NA,974,695,43.83,NA,NA,43.83,18.12,NA,NA,NA,NA,NA,18.12,NA,25.12,NA,NA,25.12,25.12,0.32,0.22,0.18,0.25,0.36,0.38,0.26,0.26,0.26,0.24,0.26,0.25,0.74,0.52,0.5,0.51,2.27,16,17,11,11,11,11,11,11,33,23,22,22
"14","Alex Hulley_NationalChampionships2019v2","Alex Hulley","NationalChampionships2019v2",2,"64.97",779,601,833,652,884,701,NA,NA,43.36,43.85,NA,43.61,19.57,NA,18.49,NA,NA,NA,19.03,NA,26.92,25.64,NA,26.28,26.28,0.3,0.19,0.18,0.22,0.32,0.36,0.26,0.26,0.24,0.24,0.28,0.22,0.68,0.52,0.48,0.5,2.18,15,17,12,12,11,11,13,10,31,24,22,23
"15","Alex Hulley_NationalChampionships2019v2","Alex Hulley","NationalChampionships2019v2",3,"X",822,617,879,664,NA,NA,987,756,39.51,NA,NA,39.51,20.66,NA,NA,NA,NA,NA,20.66,NA,26.78,NA,NA,26.78,26.78,0.3,0.24,0.18,0.26,0.36,0.36,0.22,0.26,0.24,0.22,0.26,0.26,0.72,0.48,0.46,0.52,2.18,17,17,10,12,11,10,12,12,33,22,21,24
"16","Alex Hulley_NationalChampionships2019v2","Alex Hulley","NationalChampionships2019v2",4,"65.48",840,652,896,700,949,746,1003,795,40.6,40.96,42.22,41.26,20.3,NA,19.21,NA,19.57,NA,19.69,NA,26.74,25.44,26.43,26.2,26.19,0.3,0.24,0.2,0.27,0.34,0.32,0.28,0.28,0.2,0.24,0.26,0.27,0.66,0.56,0.44,0.53,2.19,16,15,13,13,9,11,12,12,30,26,20,24
"17","Alex Hulley_NationalChampionships2019v2","Alex Hulley","NationalChampionships2019v2",5,"64.24",741,637,795,686,850,734,900,781,42.22,41.11,43.23,42.19,19.57,NA,19.94,NA,18.12,NA,19.21,NA,26.43,26.46,24.87,25.92,25.93,0.32,0.22,0.18,0.25,0.32,0.36,0.24,0.26,0.24,0.24,0.26,0.25,0.68,0.5,0.48,0.51,2.17,15,17,11,12,11,11,12,12,31,23,22,24
"18","Alex Hulley_NationalChampionships2019v2","Alex Hulley","NationalChampionships2019v2",6,"65.49",781,578,836,629,887,679,NA,NA,42.84,44.43,NA,43.64,19.94,NA,18.49,NA,NA,NA,19.21,NA,27.19,25.89,NA,26.54,26.54,0.3,0.22,0.16,0.24,0.32,0.34,0.26,0.24,0.28,0.24,0.24,0.24,0.66,0.5,0.52,0.48,2.16,15,16,12,11,13,11,11,11,31,23,24,22
"19","Alex Hulley_NSWStateChamps2019v2","Alex Hulley","NSWStateChamps2019v2",1,"X",NA,NA,NA,NA,NA,NA,NA,NA,NA,NA,NA,NA,NA,NA,NA,NA,NA,NA,NA,NA,NA,NA,NA,NA,NA,0.32,0.22,0.2,0.28,0.28,0.4,0.24,0.28,0.24,0.24,0.24,0.28,0.68,0.52,0.48,0.52,2.2,13,18,11,13,11,11,11,13,31,24,22,24
"20","Alex Hulley_NSWStateChamps2019v2","Alex Hulley","NSWStateChamps2019v2",2,"60.1",704,627,747,671,794,719,842,766,45.66,45.6,44.4,45.22,15.69,NA,17.15,NA,17.52,NA,16.79,NA,22.45,24.51,24.52,23.83,23.84,0.34,0.26,0.2,0.24,0.3,0.38,0.22,0.3,0.24,0.26,0.28,0.24,0.68,0.52,0.5,0.52,2.22,14,17,10,14,11,12,13,11,31,23,23,23
"21","Alex Hulley_NSWStateChamps2019v2","Alex Hulley","NSWStateChamps2019v2",3,"X",654,595,702,647,738,690,781,739,47.29,50.06,48.73,48.69,17.52,NA,13.14,NA,15.69,NA,15.45,NA,25.83,20.47,23.79,23.36,23.4,0.28,0.2,0.18,0.26,0.32,0.36,0.24,0.26,0.22,0.26,0.24,0.26,0.68,0.5,0.48,0.5,2.16,15,17,11,12,10,12,11,12,31,23,22,23
"22","Alex Hulley_NSWStateChamps2019v2","Alex Hulley","NSWStateChamps2019v2",4,"64.89",584,607,642,662,699,719,741,761,43.48,45,45,44.49,21.17,NA,20.8,NA,15.33,NA,19.1,NA,29.18,29.42,21.68,26.76,26.77,0.3,0.24,0.16,0.23,0.3,0.36,0.24,0.28,0.26,0.22,0.26,0.23,0.66,0.52,0.48,0.49,2.15,14,17,11,13,12,10,12,11,31,24,22,23
"23","Alex Hulley_NSWStateChamps2019v2","Alex Hulley","NSWStateChamps2019v2",5,"66.21",551,550,606,606,656,659,716,723,45.52,46.67,46.85,46.35,20.07,NA,18.25,NA,21.9,NA,20.07,NA,28.64,26.6,32.02,29.09,29.08,0.34,0.2,0.16,0.24,0.32,0.42,0.24,0.24,0.26,0.22,0.26,0.24,0.74,0.48,0.48,0.5,2.2,15,19,11,11,12,10,12,11,34,22,22,23
"24","Alex Hulley_NSWStateChamps2019v2","Alex Hulley","NSWStateChamps2019v2",6,"X",554,642,602,688,644,731,NA,NA,43.78,45.67,NA,44.73,17.52,NA,15.33,NA,NA,NA,16.43,NA,24.27,21.94,NA,23.11,23.13,0.3,0.2,0.18,0.24,0.32,0.34,0.24,0.28,0.26,0.22,0.26,0.24,0.66,0.52,0.48,0.5,2.16,15,16,11,13,12,10,12,11,31,24,22,23
"25","Alex Hulley_OceaniaChampionships2019v2","Alex Hulley","OceaniaChampionships2019v2",1,"63.35",814,641,879,707,945,773,1010,836,45.44,45,44.1,44.85,18.86,NA,19.15,NA,18.86,NA,18.96,NA,26.88,27.08,26.26,26.74,26.74,0.3,0.23,0.16,0.25,0.31,0.37,0.24,0.28,0.25,0.23,0.27,0.25,0.68,0.52,0.48,0.52,2.2,14,17,11,13,11,10,12,11,31,24,22,24
"26","Alex Hulley_OceaniaChampionships2019v2","Alex Hulley","OceaniaChampionships2019v2",2,"X",870,749,941,815,1013,882,1084,949,42.91,42.94,43.34,43.06,20.6,NA,20.89,NA,20.6,NA,20.7,NA,28.13,28.54,28.32,28.33,28.33,0.3,0.22,0.15,0.28,0.29,0.39,0.25,0.24,0.24,0.22,0.28,0.28,0.68,0.49,0.46,0.56,2.19,13,18,11,11,11,10,13,13,31,22,21,26
"27","Alex Hulley_OceaniaChampionships2019v2","Alex Hulley","OceaniaChampionships2019v2",3,"65.81",807,675,875,743,943,813,1007,882,45,45.83,47.15,45.99,19.73,NA,19.73,NA,18.57,NA,19.34,NA,27.9,28.32,27.31,27.84,27.84,0.3,0.22,0.16,0.24,0.32,0.36,0.24,0.26,0.26,0.2,0.3,0.24,0.68,0.5,0.46,0.54,2.18,15,17,11,12,12,9,14,11,31,23,21,25
"28","Alex Hulley_OceaniaChampionships2019v2","Alex Hulley","OceaniaChampionships2019v2",4,"64.93",747,661,819,732,893,805,964,875,44.6,44.61,44.59,44.6,20.89,NA,21.47,NA,20.6,NA,20.99,NA,29.34,30.16,28.93,29.48,29.48,0.32,0.24,0.18,0.26,0.3,0.36,0.24,0.27,0.25,0.24,0.26,0.26,0.66,0.51,0.49,0.52,2.18,14,17,11,12,11,11,12,12,30,23,22,24
"29","Alex Hulley_OceaniaChampionships2019v2","Alex Hulley","OceaniaChampionships2019v2",5,"60.3",860,687,920,749,982,813,1043,878,45.94,45.91,46.82,46.22,17.4,NA,17.99,NA,17.69,NA,17.69,NA,25.02,25.86,25.85,25.58,25.57,0.32,0.22,0.18,0.28,0.31,0.42,0.22,0.26,0.26,0.24,0.26,0.28,0.73,0.48,0.5,0.54,2.25,14,19,10,12,12,11,12,12,32,21,22,24
"30","Alex Hulley_OceaniaChampionships2019v2","Alex Hulley","OceaniaChampionships2019v2",6,"64.11",905,813,973,874,1039,936,1103,996,41.89,43.21,43.15,42.75,19.73,NA,19.15,NA,18.57,NA,19.15,NA,26.5,26.27,25.45,26.07,26.08,0.28,0.22,0.14,0.28,0.32,0.37,0.23,0.28,0.26,0.21,0.25,0.28,0.69,0.51,0.47,0.53,2.2,15,17,10,13,12,10,11,13,31,23,21,24
"31","Alex Hulley_SydneyTrackClassic2019v2","Alex Hulley","SydneyTrackClassic2019v2",1,"X",722,499,754,527,784,551,814,575,41.19,38.66,38.66,39.5,16.83,NA,15.78,NA,15.78,NA,16.13,NA,22.36,20.21,20.21,20.93,20.9,0.32,0.24,0.2,0.26,0.3,0.38,0.24,0.26,0.24,0.24,0.28,0.26,0.68,0.5,0.48,0.54,2.2,14,17,11,12,11,11,13,12,31,23,22,25
"32","Alex Hulley_SydneyTrackClassic2019v2","Alex Hulley","SydneyTrackClassic2019v2",2,"64.69",705,450,740,485,775,519,810,552,45,44.17,43.32,44.16,18.41,NA,18.41,NA,18.41,NA,18.41,NA,26.04,25.67,25.3,25.67,25.66,0.34,0.2,0.19,0.24,0.3,0.38,0.26,0.24,0.24,0.22,0.28,0.24,0.68,0.5,0.46,0.52,2.16,14,18,12,11,11,10,13,11,31,23,21,24
"33","Alex Hulley_SydneyTrackClassic2019v2","Alex Hulley","SydneyTrackClassic2019v2",3,"65.05",674,478,709,513,743,545,777,577,45,43.26,43.26,43.84,18.41,NA,17.88,NA,17.88,NA,18.06,NA,26.04,24.55,24.55,25.05,25.04,0.34,0.22,0.18,0.23,0.3,0.38,0.24,0.24,0.26,0.22,0.28,0.23,0.68,0.48,0.48,0.51,2.15,14,18,11,11,12,10,13,11,32,22,22,24
"34","Alex Hulley_SydneyTrackClassic2019v2","Alex Hulley","SydneyTrackClassic2019v2",4,"68.15",719,453,756,486,792,522,826,554,41.73,45,43.26,43.33,19.46,NA,18.93,NA,17.88,NA,18.76,NA,26.08,26.77,24.55,25.8,25.79,0.3,0.22,0.17,0.26,0.3,0.36,0.24,0.24,0.25,0.21,0.28,0.26,0.66,0.48,0.46,0.54,2.14,14,17,11,11,12,10,13,12,31,22,21,25
"35","Alex Hulley_SydneyTrackClassic2019v2","Alex Hulley","SydneyTrackClassic2019v2",5,"64.18",719,502,757,535,791,568,827,598,40.97,44.14,39.81,41.64,19.98,NA,17.88,NA,18.93,NA,18.93,NA,26.46,24.91,24.64,25.34,25.33,0.32,0.24,0.16,0.24,0.3,0.34,0.22,0.28,0.26,0.19,0.29,0.24,0.64,0.5,0.45,0.53,2.12,14,16,10,13,12,9,14,11,30,24,21,25
"36","Alex Hulley_SydneyTrackClassic2019v2","Alex Hulley","SydneyTrackClassic2019v2",6,"65.73",685,483,720,519,758,551,793,588,45.81,40.1,46.59,44.17,18.41,NA,19.98,NA,18.41,NA,18.93,NA,26.41,26.12,26.79,26.44,26.39,0.3,0.24,0.16,0.27,0.3,0.32,0.24,0.27,0.27,0.2,0.26,0.27,0.62,0.51,0.47,0.53,2.13,14,15,11,13,13,9,12,13,29,24,22,25
"37","Alex Hulley_WellingtonCapitalClassic2020v2","Alex Hulley","WellingtonCapitalClassic2020v2",1,"X",827,746,871,787,914,826,953,864,42.98,42.21,44.26,43.15,16.48,NA,16.11,NA,14.61,NA,15.73,NA,22.53,21.75,20.4,21.56,21.56,0.33,0.23,0.17,0.25,0.3,0.44,0.2,0.31,0.24,0.24,0.26,0.25,0.74,0.51,0.48,0.51,2.24,13,20,9,14,11,11,12,11,33,23,21,23
"38","Alex Hulley_WellingtonCapitalClassic2020v2","Alex Hulley","WellingtonCapitalClassic2020v2",2,"X",790,805,845,841,897,872,948,903,33.21,30.8,31.29,31.77,20.6,NA,19.48,NA,19.1,NA,19.73,NA,24.62,22.68,22.35,23.22,23.21,0.32,0.26,0.2,0.28,0.28,0.38,0.22,0.31,0.22,0.24,0.26,0.28,0.66,0.53,0.46,0.54,2.19,13,17,10,14,10,11,12,13,30,24,21,25
"39","Alex Hulley_WellingtonCapitalClassic2020v2","Alex Hulley","WellingtonCapitalClassic2020v2",3,"62.47",809,745,863,795,916,845,965,892,42.8,43.33,43.81,43.31,20.23,NA,19.85,NA,18.35,NA,19.48,NA,27.57,27.29,25.43,26.76,26.77,0.32,0.24,0.19,0.26,0.28,0.42,0.23,0.31,0.23,0.25,0.26,0.26,0.7,0.54,0.48,0.52,2.24,12,19,10,14,10,11,12,12,31,24,21,23
"40","Alex Hulley_WellingtonCapitalClassic2020v2","Alex Hulley","WellingtonCapitalClassic2020v2",4,"",NA,NA,NA,NA,NA,NA,NA,NA,NA,NA,NA,NA,NA,NA,NA,NA,NA,NA,NA,NA,NA,NA,NA,NA,NA,NA,NA,NA,NA,NA,NA,NA,NA,NA,NA,NA,NA,NA,NA,NA,NA,0,NA,NA,NA,NA,NA,NA,NA,NA,NA,NA,NA,NA
"41","Alex Hulley_WellingtonCapitalClassic2020v2","Alex Hulley","WellingtonCapitalClassic2020v2",5,"63.97",588,681,652,740,716,800,779,858,42.67,43.15,42.63,42.82,23.97,NA,23.97,NA,23.6,NA,23.85,NA,32.6,32.86,32.08,32.51,32.52,0.32,0.23,0.17,0.24,0.28,0.36,0.23,0.29,0.25,0.25,0.25,0.24,0.64,0.52,0.5,0.49,2.15,13,17,11,13,12,12,12,11,30,24,23,23
"42","Alex Hulley_WellingtonCapitalClassic2020v2","Alex Hulley","WellingtonCapitalClassic2020v2",6,"X",707,736,762,780,819,822,873,864,38.66,36.38,37.87,37.64,20.6,NA,21.35,NA,20.23,NA,20.73,NA,26.38,26.52,25.63,26.18,26.18,0.3,0.24,0.32,NA,0.29,0.38,0.2,0.31,0.22,NA,NA,NA,0.67,0.51,NA,NA,1.18,25,32,17,26,19,NA,NA,NA,57,43,NA,NA
"43","C Heston_CanberraTrackClassic2019v2","C Heston","CanberraTrackClassic2019v2",1,"55.99",1381,666,1467,737,1553,808,1638,881,39.54,39.54,40.66,39.91,21.63,NA,21.63,NA,21.38,NA,21.55,NA,28.05,28.05,28.18,28.09,28.09,0.28,0.24,0.16,0.29,0.26,0.38,0.2,0.28,0.22,0.22,0.28,0.29,0.64,0.48,0.44,0.57,2.13,12,18,9,13,10,10,13,14,30,23,21,27
"44","C Heston_CanberraTrackClassic2019v2","C Heston","CanberraTrackClassic2019v2",2,"X",1472,828,1542,897,1606,963,1670,1030,44.59,45.88,46.31,45.59,17.6,NA,16.09,NA,16.09,NA,16.59,NA,24.71,23.11,23.29,23.7,23.71,0.24,0.2,0.18,0.29,0.28,0.36,0.22,0.27,0.21,0.23,0.27,0.29,0.64,0.49,0.44,0.56,2.13,13,17,10,13,10,11,13,14,30,23,21,26
"45","C Heston_CanberraTrackClassic2019v2","C Heston","CanberraTrackClassic2019v2",3,"53.6",1435,658,1523,720,1614,783,1707,847,35.17,34.7,34.53,34.8,22.13,NA,22.88,NA,23.39,NA,22.8,NA,27.07,27.83,28.39,27.76,27.77,0.26,0.22,0.18,0.25,0.27,0.32,0.22,0.29,0.21,0.26,0.24,0.25,0.59,0.51,0.47,0.49,2.06,13,16,11,14,10,13,12,12,29,25,23,24
"46","C Heston_CanberraTrackClassic2019v2","C Heston","CanberraTrackClassic2019v2",4,"54.81",1399,627,1480,697,1561,763,1639,826,40.83,39.17,38.93,39.64,20.37,NA,20.37,NA,19.61,NA,20.12,NA,26.92,26.27,25.21,26.13,26.13,0.28,0.2,0.18,0.31,0.26,0.34,0.24,0.26,0.24,0.22,0.24,0.31,0.6,0.5,0.46,0.55,2.11,12,16,11,12,11,10,11,15,28,24,22,26
"47","C Heston_CanberraTrackClassic2019v2","C Heston","CanberraTrackClassic2019v2",5,"56.95",1433,675,1512,740,1591,805,1671,871,39.45,39.45,39.52,39.47,19.87,NA,19.87,NA,20.12,NA,19.95,NA,25.73,25.73,26.08,25.85,25.84,0.3,0.2,0.18,0.26,0.26,0.32,0.24,0.25,0.27,0.22,0.26,0.26,0.58,0.49,0.49,0.52,2.08,12,15,12,12,13,11,12,12,28,24,24,25
"48","C Heston_CanberraTrackClassic2019v2","C Heston","CanberraTrackClassic2019v2",6,"58.66",1412,647,1490,712,1568,781,1645,844,39.81,41.5,39.29,40.2,19.61,NA,19.61,NA,19.36,NA,19.53,NA,25.53,26.18,25.01,25.57,25.57,0.28,0.22,0.2,0.27,0.27,0.33,0.23,0.26,0.24,0.24,0.24,0.27,0.6,0.49,0.48,0.51,2.08,13,16,11,12,12,12,12,13,29,24,23,25
"49","Costa Kousparis_OceaniaChampionships2019v2","Costa Kousparis","OceaniaChampionships2019v2",1,"59.39",849,558,922,619,990,679,1058,740,39.88,41.42,41.89,41.06,21.12,NA,19.67,NA,19.67,NA,20.15,NA,27.52,26.23,26.42,26.72,26.72,0.29,0.24,0.2,0.27,0.3,0.31,0.28,0.27,0.27,0.25,0.27,0.27,0.61,0.55,0.52,0.54,2.22,14,14,13,12,12,11,12,12,27,25,23,24
"50","Costa Kousparis_OceaniaChampionships2019v2","Costa Kousparis","OceaniaChampionships2019v2",2,"66.2",978,603,1053,664,1126,722,NA,NA,39.12,38.47,NA,38.8,21.7,NA,21.12,NA,NA,NA,21.41,NA,27.97,26.98,NA,27.48,27.47,0.3,0.24,0.16,0.29,0.31,0.33,0.27,0.27,0.27,0.23,0.27,0.29,0.64,0.54,0.5,0.56,2.24,14,15,12,12,12,10,12,13,29,24,22,25
"51","Costa Kousparis_OceaniaChampionships2019v2","Costa Kousparis","OceaniaChampionships2019v2",3,"64.47",971,587,1048,647,1121,708,1192,765,37.93,39.88,38.76,38.86,22.28,NA,21.12,NA,20.54,NA,21.31,NA,28.25,27.52,26.34,27.37,27.37,0.3,0.26,0.22,0.31,0.3,0.32,0.26,0.29,0.25,0.23,0.27,0.31,0.62,0.55,0.48,0.58,2.23,13,14,12,13,11,10,12,14,28,25,22,26
"52","Costa Kousparis_OceaniaChampionships2019v2","Costa Kousparis","OceaniaChampionships2019v2",4,"65.34",976,598,1048,660,1120,720,1185,780,40.73,39.81,42.71,41.08,20.83,NA,20.83,NA,18.8,NA,20.15,NA,27.49,27.12,25.59,26.73,26.73,0.32,0.24,0.2,0.29,0.29,0.35,0.25,0.25,0.27,0.22,0.28,0.29,0.64,0.5,0.49,0.57,2.2,13,16,11,11,12,10,13,13,29,23,22,26
"53","Costa Kousparis_OceaniaChampionships2019v2","Costa Kousparis","OceaniaChampionships2019v2",5,"X",NA,NA,NA,NA,NA,NA,NA,NA,NA,NA,NA,NA,NA,NA,NA,NA,NA,NA,NA,NA,NA,NA,NA,NA,NA,NA,NA,NA,NA,NA,NA,NA,NA,NA,NA,NA,NA,NA,NA,NA,NA,0,NA,NA,NA,NA,NA,NA,NA,NA,NA,NA,NA,NA
"54","Costa Kousparis_OceaniaChampionships2019v2","Costa Kousparis","OceaniaChampionships2019v2",6,"63.27",963,630,1039,694,1105,753,1179,818,40.1,41.79,41.3,41.06,21.99,NA,19.09,NA,21.41,NA,20.83,NA,28.75,25.6,28.5,27.62,27.63,0.34,0.28,0.19,0.29,0.3,0.36,0.24,0.31,0.27,0.23,0.27,0.29,0.66,0.55,0.5,0.56,2.27,13,16,11,14,12,10,12,13,29,24,22,25
"55","Louise Mendes_NationalChampionships2019v2","Louise Mendes","NationalChampionships2019v2",1,"46.18",796,475,845,517,896,559,NA,NA,40.6,39.47,NA,40.03,17.76,NA,18.49,NA,NA,NA,18.12,NA,23.39,23.95,NA,23.67,23.66,0.3,0.24,0.2,0.28,0.32,0.46,0.2,0.39,0.21,0.3,0.26,0.28,0.78,0.59,0.51,0.54,2.42,13,19,8,16,9,12,11,12,32,24,21,22
"56","Louise Mendes_NationalChampionships2019v2","Louise Mendes","NationalChampionships2019v2",2,"49.07",877,478,NA,NA,969,561,1016,603,NA,NA,41.78,41.78,NA,NA,NA,NA,17.04,NA,17.04,NA,NA,NA,22.85,22.85,22.85,0.32,0.28,0.22,0.32,0.34,0.46,0.22,0.38,0.2,0.34,0.22,0.32,0.8,0.6,0.54,0.54,2.48,14,19,9,15,8,14,9,13,32,24,22,22
"57","Louise Mendes_NationalChampionships2019v2","Louise Mendes","NationalChampionships2019v2",3,"48.62",832,478,881,520,NA,NA,979,603,40.6,NA,NA,40.6,17.76,NA,NA,NA,NA,NA,17.76,NA,23.39,NA,NA,23.39,23.39,0.36,0.28,0.24,0.29,0.3,0.52,0.22,0.4,0.2,0.3,0.28,0.29,0.82,0.62,0.5,0.57,2.51,12,21,9,16,8,12,11,12,33,25,20,23
"58","Louise Mendes_NationalChampionships2019v2","Louise Mendes","NationalChampionships2019v2",4,"X",867,546,NA,NA,955,622,1000,660,NA,NA,40.18,40.18,NA,NA,NA,NA,16.31,NA,16.31,NA,NA,NA,21.35,21.35,21.35,0.26,0.24,0.2,0.32,0.38,0.42,0.2,0.34,0.22,0.3,0.28,0.32,0.8,0.54,0.52,0.6,2.46,15,17,8,14,9,12,11,13,33,22,21,24
"59","Louise Mendes_NationalChampionships2019v2","Louise Mendes","NationalChampionships2019v2",5,"49.46",881,491,NA,NA,976,578,1025,619,NA,NA,39.92,39.92,NA,NA,NA,NA,17.76,NA,17.76,NA,NA,NA,23.16,23.16,23.16,0.32,0.26,0.22,0.32,0.34,0.46,0.22,0.36,0.22,0.28,0.24,0.32,0.8,0.58,0.5,0.56,2.44,14,19,9,15,9,11,10,13,33,24,20,23
"60","Louise Mendes_NationalChampionships2019v2","Louise Mendes","NationalChampionships2019v2",6,"X",972,558,1021,596,1067,636,1113,676,37.79,41.01,41.01,39.94,17.76,NA,16.67,NA,16.67,NA,17.03,NA,22.47,22.09,22.09,22.22,22.21,0.32,0.26,0.24,0.3,0.34,0.44,0.24,0.34,0.22,0.32,0.24,0.3,0.78,0.58,0.54,0.54,2.44,14,18,10,14,9,13,10,12,32,24,22,22
"61","Ned Weatherly_NationalChampionships2019v2","Ned Weatherly","NationalChampionships2019v2",1,"60.21",899,528,952,573,1007,616,1061,662,40.33,38.02,40.43,39.59,17.88,NA,18.55,NA,18.21,NA,18.21,NA,23.45,23.55,23.92,23.64,23.63,0.24,0.22,0.2,0.27,0.28,0.34,0.2,0.26,0.22,0.26,0.22,0.27,0.62,0.46,0.48,0.49,2.05,14,17,10,13,11,13,11,13,30,22,23,24
"62","Ned Weatherly_NationalChampionships2019v2","Ned Weatherly","NationalChampionships2019v2",2,"X",982,616,1029,657,1077,701,1123,741,41.1,42.51,41.01,41.54,15.85,NA,16.19,NA,15.52,NA,15.85,NA,21.03,21.96,20.57,21.19,21.18,0.26,0.22,0.2,0.28,0.24,0.32,0.22,0.28,0.2,0.24,0.24,0.28,0.56,0.5,0.44,0.52,2.02,12,16,11,14,10,12,12,14,28,25,22,26
"63","Ned Weatherly_NationalChampionships2019v2","Ned Weatherly","NationalChampionships2019v2",3,"60.94",908,550,962,598,1018,644,1074,689,41.63,39.4,38.78,39.94,18.21,NA,18.89,NA,18.89,NA,18.66,NA,24.36,24.45,24.23,24.35,24.34,0.22,0.2,0.2,0.29,0.24,0.35,0.19,0.26,0.2,0.22,0.24,0.29,0.59,0.45,0.42,0.53,1.99,12,18,10,13,10,11,12,15,30,23,21,27
"64","Ned Weatherly_NationalChampionships2019v2","Ned Weatherly","NationalChampionships2019v2",4,"62.52",942,570,999,618,1056,664,1112,710,40.1,38.9,39.4,39.47,19.23,NA,19.23,NA,18.89,NA,19.12,NA,25.14,24.71,24.45,24.77,24.77,0.2,0.22,0.2,0.29,0.26,0.3,0.18,0.24,0.22,0.24,0.22,0.29,0.56,0.42,0.46,0.51,1.95,13,15,9,12,11,12,11,15,29,22,24,26
"65","Ned Weatherly_NationalChampionships2019v2","Ned Weatherly","NationalChampionships2019v2",5,"60.97",946,484,1006,528,1066,572,1125,616,36.25,36.25,36.71,36.4,20.24,NA,20.24,NA,19.9,NA,20.13,NA,25.1,25.1,24.82,25.01,25.01,0.24,0.21,0.18,0.3,0.26,0.33,0.19,0.26,0.2,0.22,0.24,0.3,0.59,0.45,0.42,0.54,2,13,16,10,13,10,11,12,15,30,22,21,27
"66","Ned Weatherly_NationalChampionships2019v2","Ned Weatherly","NationalChampionships2019v2",6,"59.91",944,584,998,629,1053,674,1107,717,39.81,39.29,38.53,39.21,18.21,NA,18.55,NA,18.21,NA,18.32,NA,23.71,23.97,23.28,23.65,23.64,0.23,0.2,0.22,0.29,0.25,0.31,0.2,0.25,0.19,0.26,0.22,0.29,0.56,0.45,0.45,0.51,1.97,13,16,10,13,10,13,11,15,28,23,23,26
"67","Ned Weatherly_OceaniaChampionships2019v2","Ned Weatherly","OceaniaChampionships2019v2",1,"67.85",799,539,877,605,953,670,1029,738,40.24,40.54,41.82,40.87,22.57,NA,21.99,NA,21.99,NA,22.18,NA,29.57,28.94,29.51,29.34,29.33,0.22,0.24,0.22,0.28,0.26,0.29,0.21,0.26,0.22,0.24,0.22,0.28,0.55,0.47,0.46,0.5,1.98,13,15,11,13,11,12,11,14,28,24,23,25
"68","Ned Weatherly_OceaniaChampionships2019v2","Ned Weatherly","OceaniaChampionships2019v2",2,"62.97",897,658,964,723,1032,791,1099,856,44.13,45,44.13,44.42,19.38,NA,19.67,NA,19.38,NA,19.48,NA,27,27.82,27,27.27,27.27,0.2,0.19,0.18,0.25,0.26,0.3,0.21,0.25,0.22,0.24,0.26,0.25,0.56,0.46,0.46,0.51,1.99,13,15,11,13,11,12,13,13,28,23,23,26
"69","Ned Weatherly_OceaniaChampionships2019v2","Ned Weatherly","OceaniaChampionships2019v2",3,"63.32",883,606,952,670,1018,733,1082,793,42.85,43.67,43.15,43.22,19.96,NA,19.09,NA,18.51,NA,19.19,NA,27.23,26.39,25.37,26.33,26.33,0.2,0.22,0.2,0.28,0.26,0.3,0.2,0.26,0.24,0.25,0.21,0.28,0.56,0.46,0.49,0.49,2,13,15,10,13,12,12,10,14,28,23,24,24
"70","Ned Weatherly_OceaniaChampionships2019v2","Ned Weatherly","OceaniaChampionships2019v2",4,"65.94",968,625,1037,694,1104,757,1174,822,45,43.24,42.88,43.71,19.96,NA,19.38,NA,20.25,NA,19.86,NA,28.23,26.6,27.63,27.49,27.47,0.2,0.2,0.22,0.31,0.26,0.3,0.2,0.28,0.18,0.28,0.2,0.31,0.56,0.48,0.46,0.51,2.01,13,15,10,14,9,14,10,15,28,24,23,25
"71","Ned Weatherly_OceaniaChampionships2019v2","Ned Weatherly","OceaniaChampionships2019v2",5,"X",885,779,948,838,1012,895,1072,950,43.12,41.69,42.51,42.44,18.23,NA,18.51,NA,17.36,NA,18.03,NA,24.98,24.79,23.55,24.44,24.43,0.2,0.2,0.2,0.31,0.26,0.3,0.2,0.28,0.18,0.28,0.2,0.31,0.56,0.48,0.46,0.51,2.01,13,15,10,14,9,14,10,15,28,24,23,25
"72","Ned Weatherly_OceaniaChampionships2019v2","Ned Weatherly","OceaniaChampionships2019v2",6,"65.73",939,625,1007,692,1074,755,1140,819,44.58,43.24,44.12,43.98,19.67,NA,19.38,NA,19.09,NA,19.38,NA,27.62,26.6,26.59,26.94,26.93,0.22,0.2,0.18,0.28,0.25,0.3,0.2,0.27,0.21,0.26,0.2,0.28,0.55,0.47,0.47,0.48,1.97,13,15,10,14,11,13,10,14,28,24,24,24
"73","Sarah Ringrose_CanberraTrackClassic2019v2","Sarah Ringrose","CanberraTrackClassic2019v2",1,"X",837,839,918,905,993,968,1074,1033,39.17,40.03,38.75,39.32,20.37,NA,18.86,NA,20.37,NA,19.87,NA,26.27,24.63,26.12,25.67,25.68,0.24,0.2,NA,NA,0.4,0.35,0.27,0.37,0.27,0.27,NA,NA,0.75,0.64,0.54,NA,1.93,21,18,14,19,14,14,NA,NA,39,33,28,NA
"74","Sarah Ringrose_CanberraTrackClassic2019v2","Sarah Ringrose","CanberraTrackClassic2019v2",2,"51.77",893,891,971,959,1048,1026,NA,NA,41.08,41.03,NA,41.05,19.61,NA,19.36,NA,NA,NA,19.48,NA,26.02,25.66,NA,25.84,25.83,0.28,0.22,NA,NA,0.34,0.35,0.31,0.34,0.28,0.3,NA,NA,0.69,0.65,0.58,NA,1.92,18,18,16,18,15,16,NA,NA,36,34,30,NA
"75","Sarah Ringrose_CanberraTrackClassic2019v2","Sarah Ringrose","CanberraTrackClassic2019v2",3,"X",924,720,996,766,1064,814,1138,857,32.57,35.22,30.16,32.65,18.11,NA,17.1,NA,18.61,NA,17.94,NA,21.49,20.93,21.52,21.31,21.31,0.28,0.24,NA,NA,0.36,0.43,0.31,0.37,0.27,0.34,NA,NA,0.79,0.68,0.61,NA,2.08,17,21,15,18,13,16,NA,NA,38,33,29,NA
"76","Sarah Ringrose_CanberraTrackClassic2019v2","Sarah Ringrose","CanberraTrackClassic2019v2",4,"53.24",961,800,1045,867,1127,933,1212,998,38.58,38.83,37.41,38.27,21.12,NA,20.62,NA,21.38,NA,21.04,NA,27.02,26.47,26.92,26.8,26.8,0.28,0.22,NA,NA,0.36,0.41,0.29,0.33,0.25,0.3,NA,NA,0.77,0.62,0.55,NA,1.94,19,21,15,17,13,15,NA,NA,40,32,28,NA
"77","Sarah Ringrose_CanberraTrackClassic2019v2","Sarah Ringrose","CanberraTrackClassic2019v2",5,"47.42",929,900,1018,959,1101,1019,NA,NA,33.54,35.86,NA,34.7,22.38,NA,20.87,NA,NA,NA,21.62,NA,26.85,25.75,NA,26.3,26.3,0.26,0.22,NA,NA,0.36,0.41,0.29,0.36,0.26,0.32,NA,NA,0.77,0.65,0.58,NA,2,18,20,14,18,13,16,NA,NA,38,32,29,NA
"78","Sarah Ringrose_CanberraTrackClassic2019v2","Sarah Ringrose","CanberraTrackClassic2019v2",6,"50.29",763,743,847,815,931,884,1016,953,40.6,39.4,39.07,39.69,21.12,NA,21.12,NA,21.38,NA,21.21,NA,27.82,27.33,27.54,27.56,27.56,0.28,0.22,NA,NA,0.37,0.35,0.29,0.33,0.31,0.29,NA,NA,0.72,0.62,0.6,NA,1.94,19,18,15,17,16,15,NA,NA,37,32,31,NA
"79","Sarah Ringrose_NationalChampionships2019v2","Sarah Ringrose","NationalChampionships2019v2",1,"48.64",854,576,NA,NA,957,649,1008,686,NA,NA,35.96,35.96,NA,NA,NA,NA,18.49,NA,18.49,NA,NA,NA,22.84,22.84,22.84,0.27,0.19,NA,NA,0.44,0.41,0.31,0.32,0.3,0.34,NA,NA,0.85,0.63,0.64,NA,2.12,21,19,15,15,14,16,NA,NA,40,30,30,NA
"80","Sarah Ringrose_NationalChampionships2019v2","Sarah Ringrose","NationalChampionships2019v2",2,"52.4",878,547,NA,NA,987,623,1043,660,NA,NA,33.45,33.45,NA,NA,NA,NA,20.3,NA,20.3,NA,NA,NA,24.33,24.33,24.33,0.24,0.18,NA,NA,0.4,0.38,0.3,0.35,0.25,0.31,NA,NA,0.78,0.65,0.56,NA,1.99,20,19,15,18,13,16,NA,NA,39,33,28,NA
"81","Sarah Ringrose_NationalChampionships2019v2","Sarah Ringrose","NationalChampionships2019v2",3,"49.71",860,597,NA,NA,966,673,1019,711,NA,NA,35.64,35.64,NA,NA,NA,NA,19.21,NA,19.21,NA,NA,NA,23.64,23.64,23.64,0.24,0.2,NA,NA,0.4,0.38,0.3,0.34,0.28,0.31,NA,NA,0.78,0.64,0.59,NA,2.01,20,19,15,17,14,15,NA,NA,39,32,29,NA
"82","Sarah Ringrose_NationalChampionships2019v2","Sarah Ringrose","NationalChampionships2019v2",4,"48.4",819,531,868,567,NA,NA,973,643,36.3,NA,NA,36.3,17.76,NA,NA,NA,NA,NA,17.76,NA,22.04,NA,NA,22.04,22.04,0.24,0.24,NA,NA,0.38,0.38,0.28,0.42,0.26,0.32,NA,NA,0.76,0.7,0.58,NA,2.04,19,19,14,21,13,16,NA,NA,37,34,28,NA
"83","Sarah Ringrose_NationalChampionships2019v2","Sarah Ringrose","NationalChampionships2019v2",5,"51.76",853,537,NA,NA,960,615,1013,653,NA,NA,35.64,35.64,NA,NA,NA,NA,19.21,NA,19.21,NA,NA,NA,23.64,23.64,23.64,0.22,0.2,NA,NA,0.36,0.36,0.3,0.36,0.24,0.3,NA,NA,0.72,0.66,0.54,NA,1.92,19,19,16,19,12,16,NA,NA,38,34,28,NA
"84","Sarah Ringrose_NationalChampionships2019v2","Sarah Ringrose","NationalChampionships2019v2",6,"49.77",793,574,845,612,895,650,NA,NA,36.16,37.23,NA,36.69,18.85,NA,18.12,NA,NA,NA,18.48,NA,23.35,22.76,NA,23.05,23.05,0.26,0.18,NA,NA,0.36,0.4,0.28,0.39,0.25,0.29,NA,NA,0.76,0.67,0.54,NA,1.97,18,20,14,20,13,15,NA,NA,39,34,27,NA
"85","Sarah Ringrose_NSWStateChamps2019v2","Sarah Ringrose","NSWStateChamps2019v2",1,"X",620,568,670,609,713,645,756,682,39.35,39.94,40.71,40,18.25,NA,15.69,NA,15.69,NA,16.54,NA,23.6,20.46,20.7,21.59,21.59,0.22,0.2,NA,NA,0.32,0.44,0.26,0.3,0.28,0.36,NA,NA,0.76,0.56,0.64,NA,1.96,16,22,13,15,14,18,NA,NA,39,29,33,NA
"86","Sarah Ringrose_NSWStateChamps2019v2","Sarah Ringrose","NSWStateChamps2019v2",2,"51.76",606,569,656,609,710,652,759,689,38.66,38.53,37.06,38.08,18.25,NA,19.71,NA,17.88,NA,18.61,NA,23.37,25.2,22.41,23.66,23.64,0.26,0.18,NA,NA,0.34,0.44,0.3,0.28,0.28,0.36,NA,NA,0.78,0.58,0.64,NA,2,17,22,15,14,14,18,NA,NA,39,29,32,NA
"87","Sarah Ringrose_NSWStateChamps2019v2","Sarah Ringrose","NSWStateChamps2019v2",3,"X",635,607,683,641,730,674,784,712,35.31,35.07,35.13,35.17,17.52,NA,17.15,NA,19.71,NA,18.13,NA,21.47,20.95,24.1,22.17,22.18,0.24,0.22,NA,NA,0.38,0.36,0.28,0.28,0.3,0.36,NA,NA,0.74,0.56,0.66,NA,1.96,19,18,14,14,15,18,NA,NA,38,29,34,NA
"88","Sarah Ringrose_NSWStateChamps2019v2","Sarah Ringrose","NSWStateChamps2019v2",4,"X",579,544,623,577,669,612,719,652,36.87,37.27,38.66,37.6,16.06,NA,16.79,NA,18.25,NA,17.03,NA,20.08,21.1,23.37,21.52,21.49,0.24,0.18,NA,NA,0.36,0.4,0.3,0.34,0.26,0.28,NA,NA,0.76,0.64,0.54,NA,1.94,19,21,15,18,13,14,NA,NA,39,33,28,NA
"89","Sarah Ringrose_NSWStateChamps2019v2","Sarah Ringrose","NSWStateChamps2019v2",5,"49.1",562,590,616,632,668,673,719,713,37.87,38.25,38.11,38.08,19.71,NA,18.98,NA,18.61,NA,19.1,NA,24.97,24.17,23.65,24.26,24.26,0.22,0.24,NA,NA,0.36,0.44,0.26,0.34,0.28,0.29,NA,NA,0.8,0.6,0.57,NA,1.97,18,22,13,17,14,15,NA,NA,41,30,29,NA
"90","Sarah Ringrose_NSWStateChamps2019v2","Sarah Ringrose","NSWStateChamps2019v2",6,"X",636,650,685,685,733,719,781,753,35.54,35.31,35.31,35.39,17.88,NA,17.52,NA,17.52,NA,17.64,NA,21.97,21.47,21.47,21.64,21.64,0.24,0.24,NA,NA,0.36,0.38,0.26,0.34,0.28,0.36,NA,NA,0.74,0.6,0.64,NA,1.98,18,19,13,17,14,18,NA,NA,37,30,32,NA
"91","Sarah Ringrose_SydneyTrackClassic2019v2","Sarah Ringrose","SydneyTrackClassic2019v2",1,"61.86",653,407,690,435,727,464,763,493,37.12,38.09,38.85,38.02,19.46,NA,19.46,NA,18.93,NA,19.28,NA,24.41,24.73,24.31,24.48,24.47,0.26,0.18,NA,NA,0.38,0.4,0.3,0.28,0.3,0.3,NA,NA,0.78,0.58,0.6,NA,1.96,19,20,15,14,15,15,NA,NA,40,30,31,NA
"92","Sarah Ringrose_SydneyTrackClassic2019v2","Sarah Ringrose","SydneyTrackClassic2019v2",2,"X",587,326,624,355,662,384,699,412,38.09,37.35,37.12,37.52,19.46,NA,19.98,NA,19.46,NA,19.63,NA,24.73,25.13,24.41,24.76,24.75,0.22,0.22,NA,NA,0.38,0.36,0.3,0.32,0.26,0.28,NA,NA,0.74,0.62,0.54,NA,1.9,20,19,16,17,14,15,NA,NA,39,33,28,NA
"93","Sarah Ringrose_SydneyTrackClassic2019v2","Sarah Ringrose","SydneyTrackClassic2019v2",3,"64.01",666,424,698,449,731,474,764,499,38,37.15,37.15,37.43,16.83,NA,17.35,NA,17.35,NA,17.18,NA,21.36,21.77,21.77,21.63,21.63,0.22,0.23,NA,NA,0.36,0.36,0.33,0.31,0.28,0.34,NA,NA,0.72,0.64,0.62,NA,1.98,18,18,17,16,14,17,NA,NA,36,32,31,NA
"94","Sarah Ringrose_SydneyTrackClassic2019v2","Sarah Ringrose","SydneyTrackClassic2019v2",4,"63.7",NA,NA,609,387,648,418,682,447,NA,38.48,40.46,39.47,NA,NA,20.51,NA,17.88,NA,19.2,NA,NA,26.2,23.5,24.85,24.87,0.28,0.22,NA,NA,0.4,0.4,0.28,0.3,0.26,0.32,NA,NA,0.8,0.58,0.58,NA,1.96,20,20,14,15,13,16,NA,NA,41,30,30,NA
"95","Sarah Ringrose_SydneyTrackClassic2019v2","Sarah Ringrose","SydneyTrackClassic2019v2",5,"58.63",613,418,647,447,679,476,712,504,40.46,42.18,40.31,40.98,17.88,NA,16.83,NA,17.35,NA,17.35,NA,23.5,22.71,22.75,22.99,22.98,0.24,0.2,NA,NA,0.36,0.38,0.3,0.26,0.3,0.33,NA,NA,0.74,0.56,0.63,NA,1.93,19,20,16,13,16,17,NA,NA,38,29,33,NA
"96","Sarah Ringrose_SydneyTrackClassic2019v2","Sarah Ringrose","SydneyTrackClassic2019v2",6,"64.02",621,395,660,425,696,453,732,482,37.57,37.87,38.85,38.1,20.51,NA,18.93,NA,18.93,NA,19.46,NA,25.88,23.98,24.31,24.72,24.73,0.26,0.18,NA,NA,0.36,0.4,0.3,0.3,0.28,0.31,NA,NA,0.76,0.6,0.59,NA,1.95,18,21,15,15,14,16,NA,NA,39,31,30,NA
